"schema","table_name","pos","column_name","data_type","character_maximum_length","numeric_precision","numeric_scale","is_nullable","column_default"
"public","document_history","1","id","integer","","32","0","NO","nextval('document_history_id_seq'::regclass)"
"public","document_history","2","name","text","","","","NO",""
"public","document_history","3","type","text","","","","NO",""
"public","document_history","4","user_id","uuid","","","","NO",""
"public","document_history","5","created_at","timestamp without time zone","","","","YES","now()"
"public","document_history","6","download_count","integer","","32","0","YES","0"
"public","document_history","7","data","jsonb","","","","NO",""
"public","document_history","8","version","text","","","","YES","'1.0'::text"
"public","document_history","9","last_download_at","timestamp without time zone","","","","YES",""
"public","document_history","10","status","text","","","","YES","'validé'::text"
"public","document_history","11","client","text","","","","YES",""
"public","document_history","12","is_trashed","boolean","","","","NO","false"
"public","v_b_client_files","1","id","uuid","","","","NO","gen_random_uuid()"
"public","v_b_client_files","2","client_id","bigint","","64","0","NO",""
"public","v_b_client_files","3","client_name","text","","","","YES",""
"public","v_b_client_files","4","file_name","text","","","","NO",""
"public","v_b_client_files","5","file_path","text","","","","NO",""
"public","v_b_client_files","6","mime_type","text","","","","NO","'application/octet-stream'::text"
"public","v_b_client_files","7","size_bytes","bigint","","64","0","NO","0"
"public","v_b_client_files","8","category","text","","","","NO","'Autre'::text"
"public","v_b_client_files","9","description","text","","","","YES",""
"public","v_b_client_files","10","uploaded_by","uuid","","","","YES",""
"public","v_b_client_files","11","is_deleted","boolean","","","","NO","false"
"public","v_b_client_files","12","created_at","timestamp with time zone","","","","NO","now()"
"public","v_b_client_files","13","updated_at","timestamp with time zone","","","","NO","now()"
"public","v_b_client_files","14","visible_to_client","boolean","","","","NO","false"
"public","v_b_client_notes","1","id","uuid","","","","NO","gen_random_uuid()"
"public","v_b_client_notes","2","client_id","integer","","32","0","NO",""
"public","v_b_client_notes","3","user_id","uuid","","","","YES",""
"public","v_b_client_notes","4","content","text","","","","NO",""
"public","v_b_client_notes","5","created_at","timestamp with time zone","","","","NO","now()"
"public","v_b_client_notes","6","updated_at","timestamp with time zone","","","","NO","now()"
"public","v_b_client_support_credit_ledger","1","id","uuid","","","","NO","gen_random_uuid()"
"public","v_b_client_support_credit_ledger","2","client_id","integer","","32","0","NO",""
"public","v_b_client_support_credit_ledger","3","delta","integer","","32","0","NO",""
"public","v_b_client_support_credit_ledger","4","balance_after","integer","","32","0","NO",""
"public","v_b_client_support_credit_ledger","5","kind","character varying","32","","","NO","'credit'::character varying"
"public","v_b_client_support_credit_ledger","6","ticket_id","uuid","","","","YES",""
"public","v_b_client_support_credit_ledger","7","note","text","","","","YES",""
"public","v_b_client_support_credit_ledger","8","created_by","uuid","","","","YES",""
"public","v_b_client_support_credit_ledger","9","created_at","timestamp with time zone","","","","NO","now()"
"public","v_b_client_support_credit_ledger","10","pack_id","uuid","","","","YES",""
"public","v_b_client_support_credit_packs","1","id","uuid","","","","NO","gen_random_uuid()"
"public","v_b_client_support_credit_packs","2","client_id","integer","","32","0","NO",""
"public","v_b_client_support_credit_packs","3","label","text","","","","YES",""
"public","v_b_client_support_credit_packs","4","initial_amount","integer","","32","0","NO",""
"public","v_b_client_support_credit_packs","5","remaining_amount","integer","","32","0","NO",""
"public","v_b_client_support_credit_packs","6","valid_from","date","","","","YES",""
"public","v_b_client_support_credit_packs","7","valid_until","date","","","","YES",""
"public","v_b_client_support_credit_packs","8","note","text","","","","YES",""
"public","v_b_client_support_credit_packs","9","created_by","uuid","","","","YES",""
"public","v_b_client_support_credit_packs","10","created_at","timestamp with time zone","","","","NO","now()"
"public","v_b_client_support_credit_packs","11","archived_at","timestamp with time zone","","","","YES",""
"public","v_b_client_support_credits","1","client_id","integer","","32","0","NO",""
"public","v_b_client_support_credits","2","balance","integer","","32","0","NO","0"
"public","v_b_client_support_credits","3","updated_at","timestamp with time zone","","","","NO","now()"
"public","v_b_client_tag_links","1","client_id","integer","","32","0","NO",""
"public","v_b_client_tag_links","2","tag_id","uuid","","","","NO",""
"public","v_b_client_tag_links","3","created_at","timestamp with time zone","","","","NO","now()"
"public","v_b_client_tags","1","id","uuid","","","","NO","gen_random_uuid()"
"public","v_b_client_tags","2","label","character varying","64","","","NO",""
"public","v_b_client_tags","3","color","character varying","16","","","YES",""
"public","v_b_client_tags","4","created_at","timestamp with time zone","","","","NO","now()"
"public","v_b_client_vault_secrets","1","id","uuid","","","","NO","gen_random_uuid()"
"public","v_b_client_vault_secrets","2","client_id","bigint","","64","0","NO",""
"public","v_b_client_vault_secrets","3","title","text","","","","NO",""
"public","v_b_client_vault_secrets","4","description","text","","","","YES",""
"public","v_b_client_vault_secrets","5","secret_encrypted","text","","","","NO",""
"public","v_b_client_vault_secrets","6","secret_iv","text","","","","NO",""
"public","v_b_client_vault_secrets","7","secret_auth_tag","text","","","","NO",""
"public","v_b_client_vault_secrets","8","expires_at","timestamp with time zone","","","","NO",""
"public","v_b_client_vault_secrets","9","max_views","integer","","32","0","NO","5"
"public","v_b_client_vault_secrets","10","view_count","integer","","32","0","NO","0"
"public","v_b_client_vault_secrets","11","status","character varying","24","","","NO","'active'::character varying"
"public","v_b_client_vault_secrets","12","deletion_requested_at","timestamp with time zone","","","","YES",""
"public","v_b_client_vault_secrets","13","deletion_requested_by","uuid","","","","YES",""
"public","v_b_client_vault_secrets","14","created_by","uuid","","","","YES",""
"public","v_b_client_vault_secrets","15","revoked_at","timestamp with time zone","","","","YES",""
"public","v_b_client_vault_secrets","16","revoked_by","uuid","","","","YES",""
"public","v_b_client_vault_secrets","17","created_at","timestamp with time zone","","","","NO","now()"
"public","v_b_client_vault_secrets","18","updated_at","timestamp with time zone","","","","NO","now()"
"public","v_b_client_vault_secrets","19","contact_id","bigint","","64","0","YES",""
"public","v_b_clients","1","id","integer","","32","0","NO","nextval('v_b_clients_id_seq'::regclass)"
"public","v_b_clients","2","name","character varying","255","","","NO",""
"public","v_b_clients","3","contrat","jsonb","","","","YES","'{}'::jsonb"
"public","v_b_clients","4","options","jsonb","","","","YES","'{""Curatif"": false, ""Support"": false, ""Preventif"": false, ""Monitoring"": false, ""Hebergement"": false}'::jsonb"
"public","v_b_clients","5","sites","jsonb","","","","YES","'[]'::jsonb"
"public","v_b_clients","6","created_at","timestamp without time zone","","","","YES","CURRENT_TIMESTAMP"
"public","v_b_clients","7","updated_at","timestamp without time zone","","","","YES","CURRENT_TIMESTAMP"
"public","v_b_clients","8","commercial_id","uuid","","","","YES",""
"public","v_b_clients","9","address","text","","","","YES",""
"public","v_b_clients","10","siret","character varying","14","","","YES",""
"public","v_b_clients","11","secteur","text","","","","YES",""
"public","v_b_clients","12","modules","jsonb","","","","NO","'{}'::jsonb"
"public","v_b_clients","13","client_number","character varying","32","","","YES",""
"public","v_b_clients_azure","1","id","integer","","32","0","NO","nextval('client_office365_id_seq'::regclass)"
"public","v_b_clients_azure","2","client_id","integer","","32","0","NO",""
"public","v_b_clients_azure","3","tenant_id","text","","","","NO",""
"public","v_b_clients_azure","4","client_id_azure","text","","","","NO",""
"public","v_b_clients_azure","5","secret_key_id","text","","","","YES",""
"public","v_b_clients_azure","6","client_secret_encrypted","text","","","","NO",""
"public","v_b_clients_azure","7","iv","text","","","","NO",""
"public","v_b_clients_azure","8","auth_tag","text","","","","NO",""
"public","v_b_clients_azure","9","created_at","timestamp without time zone","","","","YES","CURRENT_TIMESTAMP"
"public","v_b_clients_azure","10","updated_at","timestamp without time zone","","","","YES","CURRENT_TIMESTAMP"
"public","v_b_clients_backup","1","id","integer","","32","0","YES",""
"public","v_b_clients_backup","2","name","character varying","255","","","YES",""
"public","v_b_clients_backup","3","phone","character varying","50","","","YES",""
"public","v_b_clients_backup","4","email","character varying","255","","","YES",""
"public","v_b_clients_backup","5","address","text","","","","YES",""
"public","v_b_clients_backup","6","contrat","jsonb","","","","YES",""
"public","v_b_clients_backup","7","modules","jsonb","","","","YES",""
"public","v_b_clients_backup","8","created_at","timestamp without time zone","","","","YES",""
"public","v_b_clients_backup","9","updated_at","timestamp without time zone","","","","YES",""
"public","v_b_clients_backup","10","glpi_id","character varying","50","","","YES",""
"public","v_b_clients_backup","11","report_frequency","character varying","50","","","YES",""
"public","v_b_clients_backup","12","modules_monitoring","jsonb","","","","YES",""
"public","v_b_clients_backup","13","sites","jsonb","","","","YES",""
"public","v_b_clients_backup","14","ssids","jsonb","","","","YES",""
"public","v_b_clients_bitdefender","1","id","integer","","32","0","NO","nextval('v_b_clients_bitdefender_id_seq'::regclass)"
"public","v_b_clients_bitdefender","2","client_id","integer","","32","0","NO",""
"public","v_b_clients_bitdefender","3","label","text","","","","YES",""
"public","v_b_clients_bitdefender","4","solution","text","","","","NO","'GravityZone BitDefender'::text"
"public","v_b_clients_bitdefender","5","api_url","text","","","","NO",""
"public","v_b_clients_bitdefender","6","api_key_encrypted","text","","","","NO",""
"public","v_b_clients_bitdefender","7","iv","text","","","","NO",""
"public","v_b_clients_bitdefender","8","auth_tag","text","","","","NO",""
"public","v_b_clients_bitdefender","9","created_at","timestamp without time zone","","","","YES","CURRENT_TIMESTAMP"
"public","v_b_clients_bitdefender","10","updated_at","timestamp without time zone","","","","YES","CURRENT_TIMESTAMP"
"public","v_b_clients_c_azure","1","id","integer","","32","0","NO","nextval('v_b_clients_c_azure_id_seq'::regclass)"
"public","v_b_clients_c_azure","2","client_id","integer","","32","0","NO",""
"public","v_b_clients_c_azure","3","tenant_id","character varying","255","","","NO",""
"public","v_b_clients_c_azure","4","client_id_azure","character varying","255","","","NO",""
"public","v_b_clients_c_azure","5","client_secret_encrypted","text","","","","NO",""
"public","v_b_clients_c_azure","6","iv","character varying","255","","","NO",""
"public","v_b_clients_c_azure","7","auth_tag","character varying","255","","","NO",""
"public","v_b_clients_c_azure","8","secret_key_id","character varying","255","","","YES",""
"public","v_b_clients_c_azure","9","created_at","timestamp with time zone","","","","YES","CURRENT_TIMESTAMP"
"public","v_b_clients_c_azure","10","updated_at","timestamp with time zone","","","","YES","CURRENT_TIMESTAMP"
"public","v_b_clients_c_azure_mfa","1","id","integer","","32","0","NO","nextval('v_b_clients_c_mfa_details_id_seq'::regclass)"
"public","v_b_clients_c_azure_mfa","2","client_id","integer","","32","0","NO",""
"public","v_b_clients_c_azure_mfa","3","user_id","text","","","","NO",""
"public","v_b_clients_c_azure_mfa","4","display_name","text","","","","YES",""
"public","v_b_clients_c_azure_mfa","5","user_principal_name","text","","","","YES",""
"public","v_b_clients_c_azure_mfa","6","account_enabled","boolean","","","","YES","true"
"public","v_b_clients_c_azure_mfa","7","has_mfa","boolean","","","","YES","false"
"public","v_b_clients_c_azure_mfa","8","mfa_methods","jsonb","","","","YES","'[]'::jsonb"
"public","v_b_clients_c_azure_mfa","9","latest_mfa_registration_date","timestamp without time zone","","","","YES",""
"public","v_b_clients_c_azure_mfa","10","last_sync","timestamp without time zone","","","","YES","CURRENT_TIMESTAMP"
"public","v_b_clients_c_azure_mfa","11","created_at","timestamp without time zone","","","","YES","CURRENT_TIMESTAMP"
"public","v_b_clients_c_azure_mfa","12","updated_at","timestamp without time zone","","","","YES","CURRENT_TIMESTAMP"
"public","v_b_clients_c_azure_mfa","13","is_admin","boolean","","","","YES","false"
"public","v_b_clients_c_azure_mfa","14","admin_role","text","","","","YES",""
"public","v_b_clients_c_azure_stats","1","id","integer","","32","0","NO","nextval('v_b_clients_c_azure_stats_id_seq'::regclass)"
"public","v_b_clients_c_azure_stats","2","client_id","integer","","32","0","NO",""
"public","v_b_clients_c_azure_stats","3","admin_count","integer","","32","0","YES","0"
"public","v_b_clients_c_azure_stats","4","user_count","integer","","32","0","YES","0"
"public","v_b_clients_c_azure_stats","5","admin_mfa_count","integer","","32","0","YES","0"
"public","v_b_clients_c_azure_stats","6","user_mfa_count","integer","","32","0","YES","0"
"public","v_b_clients_c_azure_stats","7","admin_mfa_percentage","numeric","","5","2","YES","0"
"public","v_b_clients_c_azure_stats","8","user_mfa_percentage","numeric","","5","2","YES","0"
"public","v_b_clients_c_azure_stats","9","email_mfa_count","integer","","32","0","YES","0"
"public","v_b_clients_c_azure_stats","10","software_mfa_count","integer","","32","0","YES","0"
"public","v_b_clients_c_azure_stats","11","authenticator_mfa_count","integer","","32","0","YES","0"
"public","v_b_clients_c_azure_stats","12","email_mfa_percentage","numeric","","5","2","YES","0"
"public","v_b_clients_c_azure_stats","13","software_mfa_percentage","numeric","","5","2","YES","0"
"public","v_b_clients_c_azure_stats","14","authenticator_mfa_percentage","numeric","","5","2","YES","0"
"public","v_b_clients_c_azure_stats","15","last_sync","timestamp without time zone","","","","YES","CURRENT_TIMESTAMP"
"public","v_b_clients_c_azure_stats","16","created_at","timestamp without time zone","","","","YES","CURRENT_TIMESTAMP"
"public","v_b_clients_c_azure_stats","17","updated_at","timestamp without time zone","","","","YES","CURRENT_TIMESTAMP"
"public","v_b_clients_c_azure_stats","18","phone_mfa_count","integer","","32","0","YES","0"
"public","v_b_clients_c_azure_stats","19","phone_mfa_percentage","numeric","","5","2","YES","0"
"public","v_b_clients_c_campaign","1","id","integer","","32","0","NO","nextval('v_b_clients_c_campaign_id_seq'::regclass)"
"public","v_b_clients_c_campaign","2","client_id","text","","","","NO",""
"public","v_b_clients_c_campaign","3","name","character varying","255","","","NO",""
"public","v_b_clients_c_campaign","4","type","character varying","100","","","NO",""
"public","v_b_clients_c_campaign","5","status","character varying","50","","","NO","'en_attente'::character varying"
"public","v_b_clients_c_campaign","6","start_date","date","","","","YES",""
"public","v_b_clients_c_campaign","7","end_date","date","","","","YES",""
"public","v_b_clients_c_campaign","8","global_progress","integer","","32","0","YES","0"
"public","v_b_clients_c_campaign","9","description","text","","","","YES",""
"public","v_b_clients_c_campaign","10","created_at","timestamp with time zone","","","","YES","CURRENT_TIMESTAMP"
"public","v_b_clients_c_campaign","11","updated_at","timestamp with time zone","","","","YES","CURRENT_TIMESTAMP"
"public","v_b_clients_c_campaign","12","created_by","text","","","","YES",""
"public","v_b_clients_c_campaign","13","updated_by","text","","","","YES",""
"public","v_b_clients_c_campaign","14","referent_id","text","","","","YES",""
"public","v_b_clients_c_campaign","15","glpi_ticket_id","text","","","","YES",""
"public","v_b_clients_c_campaign","16","objectif_adoption","numeric","","5","2","YES",""
"public","v_b_clients_c_campaign_snapshot","1","id","integer","","32","0","NO","nextval('v_b_clients_c_campaign_snapshot_id_seq'::regclass)"
"public","v_b_clients_c_campaign_snapshot","2","campaign_id","integer","","32","0","NO",""
"public","v_b_clients_c_campaign_snapshot","3","snapshot_type","character varying","10","","","NO",""
"public","v_b_clients_c_campaign_snapshot","4","admin_count","integer","","32","0","YES","0"
"public","v_b_clients_c_campaign_snapshot","5","user_count","integer","","32","0","YES","0"
"public","v_b_clients_c_campaign_snapshot","6","mfa_percentage","numeric","","5","2","YES","0"
"public","v_b_clients_c_campaign_snapshot","7","mfa_enabled_count","integer","","32","0","YES","0"
"public","v_b_clients_c_campaign_snapshot","8","mfa_disabled_count","integer","","32","0","YES","0"
"public","v_b_clients_c_campaign_snapshot","9","snapshot_data","jsonb","","","","YES",""
"public","v_b_clients_c_campaign_snapshot","10","created_at","timestamp without time zone","","","","YES","CURRENT_TIMESTAMP"
"public","v_b_clients_c_campaign_snapshot","11","admin_mfa_percentage","numeric","","5","2","YES",""
"public","v_b_clients_c_campaign_snapshot","12","user_mfa_percentage","numeric","","5","2","YES",""
"public","v_b_clients_c_campaign_steps","1","id","uuid","","","","NO","gen_random_uuid()"
"public","v_b_clients_c_campaign_steps","2","campaign_id","integer","","32","0","NO",""
"public","v_b_clients_c_campaign_steps","3","name","character varying","255","","","NO",""
"public","v_b_clients_c_campaign_steps","4","assigned_user_id","uuid","","","","YES",""
"public","v_b_clients_c_campaign_steps","5","due_date","date","","","","YES",""
"public","v_b_clients_c_campaign_steps","6","duration_hours","integer","","32","0","YES",""
"public","v_b_clients_c_campaign_steps","7","completed","boolean","","","","YES","false"
"public","v_b_clients_c_campaign_steps","8","order_index","integer","","32","0","YES","0"
"public","v_b_clients_c_campaign_steps","9","created_at","timestamp with time zone","","","","YES","now()"
"public","v_b_clients_c_campaign_steps","10","updated_at","timestamp with time zone","","","","YES","now()"
"public","v_b_clients_host_mapping","1","id","uuid","","","","NO","gen_random_uuid()"
"public","v_b_clients_host_mapping","2","client_id","integer","","32","0","NO",""
"public","v_b_clients_host_mapping","3","checkmk_host_name","text","","","","NO",""
"public","v_b_clients_host_mapping","4","is_active","boolean","","","","YES","true"
"public","v_b_clients_host_mapping","5","created_at","timestamp with time zone","","","","NO","now()"
"public","v_b_clients_host_mapping","6","updated_at","timestamp with time zone","","","","NO","now()"
"public","v_b_clients_host_mapping","7","checkmk_service_name","text","","","","YES",""
"public","v_b_clients_host_mapping","8","equipment_id","uuid","","","","YES",""
"public","v_b_clients_logs","1","id","integer","","32","0","NO","nextval('v_b_clients_logs_id_seq'::regclass)"
"public","v_b_clients_logs","2","client_id","integer","","32","0","NO",""
"public","v_b_clients_logs","3","user_id","uuid","","","","YES",""
"public","v_b_clients_logs","4","action","character varying","255","","","NO",""
"public","v_b_clients_logs","5","details","jsonb","","","","YES",""
"public","v_b_clients_logs","6","created_at","timestamp with time zone","","","","YES","CURRENT_TIMESTAMP"
"public","v_b_clients_m_alimentation","1","id","uuid","","","","NO","gen_random_uuid()"
"public","v_b_clients_m_alimentation","2","client_id","integer","","32","0","NO",""
"public","v_b_clients_m_alimentation","3","item_key","text","","","","YES",""
"public","v_b_clients_m_alimentation","4","name","text","","","","YES",""
"public","v_b_clients_m_alimentation","5","data","jsonb","","","","YES",""
"public","v_b_clients_m_alimentation","6","is_active","boolean","","","","YES","true"
"public","v_b_clients_m_alimentation","7","created_at","timestamp with time zone","","","","NO","now()"
"public","v_b_clients_m_alimentation","8","updated_at","timestamp with time zone","","","","NO","now()"
"public","v_b_clients_m_alimentation","9","checkmk_host_name","character varying","512","","","YES",""
"public","v_b_clients_m_alimentation","10","checkmk_site","character varying","255","","","YES",""
"public","v_b_clients_m_alimentation","11","checkmk_service_name","character varying","512","","","YES",""
"public","v_b_clients_m_antispam","1","id","uuid","","","","NO","gen_random_uuid()"
"public","v_b_clients_m_antispam","2","client_id","integer","","32","0","NO",""
"public","v_b_clients_m_antispam","3","item_key","text","","","","YES",""
"public","v_b_clients_m_antispam","4","name","text","","","","YES",""
"public","v_b_clients_m_antispam","5","data","jsonb","","","","YES",""
"public","v_b_clients_m_antispam","6","is_active","boolean","","","","YES","true"
"public","v_b_clients_m_antispam","7","created_at","timestamp with time zone","","","","NO","now()"
"public","v_b_clients_m_antispam","8","updated_at","timestamp with time zone","","","","NO","now()"
"public","v_b_clients_m_antivirus","1","id","uuid","","","","NO","gen_random_uuid()"
"public","v_b_clients_m_antivirus","2","client_id","integer","","32","0","NO",""
"public","v_b_clients_m_antivirus","3","item_key","text","","","","YES",""
"public","v_b_clients_m_antivirus","4","name","text","","","","YES",""
"public","v_b_clients_m_antivirus","5","data","jsonb","","","","YES",""
"public","v_b_clients_m_antivirus","6","is_active","boolean","","","","YES","true"
"public","v_b_clients_m_antivirus","7","created_at","timestamp with time zone","","","","NO","now()"
"public","v_b_clients_m_antivirus","8","updated_at","timestamp with time zone","","","","NO","now()"
"public","v_b_clients_m_custom_equipment","1","id","uuid","","","","NO","gen_random_uuid()"
"public","v_b_clients_m_custom_equipment","2","client_id","integer","","32","0","NO",""
"public","v_b_clients_m_custom_equipment","3","family_key","character varying","80","","","NO",""
"public","v_b_clients_m_custom_equipment","4","item_key","text","","","","YES",""
"public","v_b_clients_m_custom_equipment","5","name","text","","","","YES",""
"public","v_b_clients_m_custom_equipment","6","data","jsonb","","","","YES",""
"public","v_b_clients_m_custom_equipment","7","is_active","boolean","","","","YES","true"
"public","v_b_clients_m_custom_equipment","8","created_at","timestamp with time zone","","","","NO","now()"
"public","v_b_clients_m_custom_equipment","9","updated_at","timestamp with time zone","","","","NO","now()"
"public","v_b_clients_m_firewall","1","id","uuid","","","","NO","gen_random_uuid()"
"public","v_b_clients_m_firewall","2","client_id","integer","","32","0","NO",""
"public","v_b_clients_m_firewall","3","item_key","text","","","","YES",""
"public","v_b_clients_m_firewall","4","name","text","","","","YES",""
"public","v_b_clients_m_firewall","5","data","jsonb","","","","YES",""
"public","v_b_clients_m_firewall","6","is_active","boolean","","","","YES","true"
"public","v_b_clients_m_firewall","7","created_at","timestamp with time zone","","","","NO","now()"
"public","v_b_clients_m_firewall","8","updated_at","timestamp with time zone","","","","NO","now()"
"public","v_b_clients_m_firewall","9","checkmk_host_name","character varying","512","","","YES",""
"public","v_b_clients_m_firewall","10","checkmk_site","character varying","255","","","YES",""
"public","v_b_clients_m_firewall","11","checkmk_service_name","character varying","512","","","YES",""
"public","v_b_clients_m_internet","1","id","uuid","","","","NO","gen_random_uuid()"
"public","v_b_clients_m_internet","2","client_id","integer","","32","0","NO",""
"public","v_b_clients_m_internet","3","item_key","text","","","","YES",""
"public","v_b_clients_m_internet","4","name","text","","","","YES",""
"public","v_b_clients_m_internet","5","data","jsonb","","","","YES",""
"public","v_b_clients_m_internet","6","is_active","boolean","","","","YES","true"
"public","v_b_clients_m_internet","7","created_at","timestamp with time zone","","","","NO","now()"
"public","v_b_clients_m_internet","8","updated_at","timestamp with time zone","","","","NO","now()"
"public","v_b_clients_m_licences","1","id","uuid","","","","NO","gen_random_uuid()"
"public","v_b_clients_m_licences","2","client_id","integer","","32","0","NO",""
"public","v_b_clients_m_licences","3","item_key","text","","","","YES",""
"public","v_b_clients_m_licences","4","name","text","","","","YES",""
"public","v_b_clients_m_licences","5","data","jsonb","","","","YES",""
"public","v_b_clients_m_licences","6","is_active","boolean","","","","YES","true"
"public","v_b_clients_m_licences","7","created_at","timestamp with time zone","","","","NO","now()"
"public","v_b_clients_m_licences","8","updated_at","timestamp with time zone","","","","NO","now()"
"public","v_b_clients_m_logs","1","id","uuid","","","","NO","gen_random_uuid()"
"public","v_b_clients_m_logs","2","client_id","integer","","32","0","NO",""
"public","v_b_clients_m_logs","3","equipment_family","text","","","","NO",""
"public","v_b_clients_m_logs","4","equipment_name","text","","","","NO",""
"public","v_b_clients_m_logs","5","equipment_id","uuid","","","","YES",""
"public","v_b_clients_m_logs","6","user_id","text","","","","YES",""
"public","v_b_clients_m_logs","7","user_name","text","","","","YES",""
"public","v_b_clients_m_logs","8","action","text","","","","NO",""
"public","v_b_clients_m_logs","9","details","jsonb","","","","YES",""
"public","v_b_clients_m_logs","10","created_at","timestamp with time zone","","","","NO","now()"
"public","v_b_clients_m_ndd","1","id","uuid","","","","NO","gen_random_uuid()"
"public","v_b_clients_m_ndd","2","client_id","integer","","32","0","NO",""
"public","v_b_clients_m_ndd","3","item_key","text","","","","YES",""
"public","v_b_clients_m_ndd","4","name","text","","","","YES",""
"public","v_b_clients_m_ndd","5","data","jsonb","","","","YES",""
"public","v_b_clients_m_ndd","6","is_active","boolean","","","","YES","true"
"public","v_b_clients_m_ndd","7","created_at","timestamp with time zone","","","","NO","now()"
"public","v_b_clients_m_ndd","8","updated_at","timestamp with time zone","","","","NO","now()"
"public","v_b_clients_m_o365","1","id","uuid","","","","NO","gen_random_uuid()"
"public","v_b_clients_m_o365","2","client_id","integer","","32","0","NO",""
"public","v_b_clients_m_o365","3","item_key","text","","","","YES",""
"public","v_b_clients_m_o365","4","name","text","","","","YES",""
"public","v_b_clients_m_o365","5","data","jsonb","","","","YES",""
"public","v_b_clients_m_o365","6","is_active","boolean","","","","YES","true"
"public","v_b_clients_m_o365","7","created_at","timestamp with time zone","","","","NO","now()"
"public","v_b_clients_m_o365","8","updated_at","timestamp with time zone","","","","NO","now()"
"public","v_b_clients_m_ordinateurs","1","id","uuid","","","","NO","gen_random_uuid()"
"public","v_b_clients_m_ordinateurs","2","client_id","integer","","32","0","NO",""
"public","v_b_clients_m_ordinateurs","3","item_key","text","","","","YES",""
"public","v_b_clients_m_ordinateurs","4","name","text","","","","YES",""
"public","v_b_clients_m_ordinateurs","5","data","jsonb","","","","YES",""
"public","v_b_clients_m_ordinateurs","6","agent_id","uuid","","","","YES",""
"public","v_b_clients_m_ordinateurs","7","is_active","boolean","","","","YES","true"
"public","v_b_clients_m_ordinateurs","8","created_at","timestamp with time zone","","","","NO","now()"
"public","v_b_clients_m_ordinateurs","9","updated_at","timestamp with time zone","","","","NO","now()"
"public","v_b_clients_m_routeur","1","id","uuid","","","","NO","gen_random_uuid()"
"public","v_b_clients_m_routeur","2","client_id","integer","","32","0","NO",""
"public","v_b_clients_m_routeur","3","item_key","text","","","","YES",""
"public","v_b_clients_m_routeur","4","name","text","","","","YES",""
"public","v_b_clients_m_routeur","5","data","jsonb","","","","YES",""
"public","v_b_clients_m_routeur","6","is_active","boolean","","","","YES","true"
"public","v_b_clients_m_routeur","7","created_at","timestamp with time zone","","","","NO","now()"
"public","v_b_clients_m_routeur","8","updated_at","timestamp with time zone","","","","NO","now()"
"public","v_b_clients_m_routeur","9","checkmk_host_name","character varying","512","","","YES",""
"public","v_b_clients_m_routeur","10","checkmk_site","character varying","255","","","YES",""
"public","v_b_clients_m_routeur","11","checkmk_service_name","character varying","512","","","YES",""
"public","v_b_clients_m_save","1","id","uuid","","","","NO","gen_random_uuid()"
"public","v_b_clients_m_save","2","client_id","integer","","32","0","NO",""
"public","v_b_clients_m_save","3","item_key","text","","","","YES",""
"public","v_b_clients_m_save","4","name","text","","","","YES",""
"public","v_b_clients_m_save","5","data","jsonb","","","","YES",""
"public","v_b_clients_m_save","6","is_active","boolean","","","","YES","true"
"public","v_b_clients_m_save","7","created_at","timestamp with time zone","","","","NO","now()"
"public","v_b_clients_m_save","8","updated_at","timestamp with time zone","","","","NO","now()"
"public","v_b_clients_m_save","9","checkmk_host_name","character varying","512","","","YES",""
"public","v_b_clients_m_save","10","checkmk_site","character varying","255","","","YES",""
"public","v_b_clients_m_save","11","checkmk_service_name","character varying","512","","","YES",""
"public","v_b_clients_m_save","12","last_backup_date","timestamp with time zone","","","","YES",""
"public","v_b_clients_m_save","13","last_backup_duration","character varying","64","","","YES",""
"public","v_b_clients_m_save","14","last_backup_start","timestamp with time zone","","","","YES",""
"public","v_b_clients_m_servers","1","id","uuid","","","","NO","gen_random_uuid()"
"public","v_b_clients_m_servers","2","client_id","integer","","32","0","NO",""
"public","v_b_clients_m_servers","3","item_key","text","","","","YES",""
"public","v_b_clients_m_servers","4","name","text","","","","YES",""
"public","v_b_clients_m_servers","5","data","jsonb","","","","YES",""
"public","v_b_clients_m_servers","6","is_active","boolean","","","","YES","true"
"public","v_b_clients_m_servers","7","created_at","timestamp with time zone","","","","NO","now()"
"public","v_b_clients_m_servers","8","updated_at","timestamp with time zone","","","","NO","now()"
"public","v_b_clients_m_servers","9","checkmk_host_name","character varying","512","","","YES",""
"public","v_b_clients_m_servers","10","checkmk_site","character varying","255","","","YES",""
"public","v_b_clients_m_servers","11","checkmk_service_name","character varying","512","","","YES",""
"public","v_b_clients_m_ssl","1","id","uuid","","","","NO","gen_random_uuid()"
"public","v_b_clients_m_ssl","2","client_id","integer","","32","0","NO",""
"public","v_b_clients_m_ssl","3","item_key","text","","","","YES",""
"public","v_b_clients_m_ssl","4","name","text","","","","YES",""
"public","v_b_clients_m_ssl","5","data","jsonb","","","","YES",""
"public","v_b_clients_m_ssl","6","is_active","boolean","","","","YES","true"
"public","v_b_clients_m_ssl","7","created_at","timestamp with time zone","","","","NO","now()"
"public","v_b_clients_m_ssl","8","updated_at","timestamp with time zone","","","","NO","now()"
"public","v_b_clients_m_stockage","1","id","uuid","","","","NO","gen_random_uuid()"
"public","v_b_clients_m_stockage","2","client_id","integer","","32","0","NO",""
"public","v_b_clients_m_stockage","3","item_key","text","","","","YES",""
"public","v_b_clients_m_stockage","4","name","text","","","","YES",""
"public","v_b_clients_m_stockage","5","data","jsonb","","","","YES",""
"public","v_b_clients_m_stockage","6","is_active","boolean","","","","YES","true"
"public","v_b_clients_m_stockage","7","created_at","timestamp with time zone","","","","NO","now()"
"public","v_b_clients_m_stockage","8","updated_at","timestamp with time zone","","","","NO","now()"
"public","v_b_clients_m_stockage","9","checkmk_host_name","character varying","512","","","YES",""
"public","v_b_clients_m_stockage","10","checkmk_site","character varying","255","","","YES",""
"public","v_b_clients_m_stockage","11","checkmk_service_name","character varying","512","","","YES",""
"public","v_b_clients_m_switch","1","id","uuid","","","","NO","gen_random_uuid()"
"public","v_b_clients_m_switch","2","client_id","integer","","32","0","NO",""
"public","v_b_clients_m_switch","3","item_key","text","","","","YES",""
"public","v_b_clients_m_switch","4","name","text","","","","YES",""
"public","v_b_clients_m_switch","5","data","jsonb","","","","YES",""
"public","v_b_clients_m_switch","6","is_active","boolean","","","","YES","true"
"public","v_b_clients_m_switch","7","created_at","timestamp with time zone","","","","NO","now()"
"public","v_b_clients_m_switch","8","updated_at","timestamp with time zone","","","","NO","now()"
"public","v_b_clients_m_switch","9","checkmk_host_name","character varying","512","","","YES",""
"public","v_b_clients_m_switch","10","checkmk_site","character varying","255","","","YES",""
"public","v_b_clients_m_switch","11","checkmk_service_name","character varying","512","","","YES",""
"public","v_b_clients_m_toip","1","id","uuid","","","","NO","gen_random_uuid()"
"public","v_b_clients_m_toip","2","client_id","integer","","32","0","NO",""
"public","v_b_clients_m_toip","3","item_key","text","","","","YES",""
"public","v_b_clients_m_toip","4","name","text","","","","YES",""
"public","v_b_clients_m_toip","5","data","jsonb","","","","YES",""
"public","v_b_clients_m_toip","6","is_active","boolean","","","","YES","true"
"public","v_b_clients_m_toip","7","created_at","timestamp with time zone","","","","NO","now()"
"public","v_b_clients_m_toip","8","updated_at","timestamp with time zone","","","","NO","now()"
"public","v_b_clients_m_toip","9","checkmk_host_name","character varying","512","","","YES",""
"public","v_b_clients_m_toip","10","checkmk_site","character varying","255","","","YES",""
"public","v_b_clients_m_toip","11","checkmk_service_name","character varying","512","","","YES",""
"public","v_b_clients_m_wifi","1","id","uuid","","","","NO","gen_random_uuid()"
"public","v_b_clients_m_wifi","2","client_id","integer","","32","0","NO",""
"public","v_b_clients_m_wifi","3","item_key","text","","","","YES",""
"public","v_b_clients_m_wifi","4","name","text","","","","YES",""
"public","v_b_clients_m_wifi","5","data","jsonb","","","","YES",""
"public","v_b_clients_m_wifi","6","is_active","boolean","","","","YES","true"
"public","v_b_clients_m_wifi","7","created_at","timestamp with time zone","","","","NO","now()"
"public","v_b_clients_m_wifi","8","updated_at","timestamp with time zone","","","","NO","now()"
"public","v_b_clients_m_wifi","9","checkmk_host_name","character varying","512","","","YES",""
"public","v_b_clients_m_wifi","10","checkmk_site","character varying","255","","","YES",""
"public","v_b_clients_m_wifi","11","checkmk_service_name","character varying","512","","","YES",""
"public","v_b_clients_mailinblack","1","id","integer","","32","0","NO","nextval('v_b_clients_mailinblack_id_seq'::regclass)"
"public","v_b_clients_mailinblack","2","client_id","integer","","32","0","NO",""
"public","v_b_clients_mailinblack","3","label","text","","","","YES",""
"public","v_b_clients_mailinblack","4","solution","text","","","","NO","'Mailinblack Protect'::text"
"public","v_b_clients_mailinblack","5","api_url","text","","","","NO",""
"public","v_b_clients_mailinblack","6","api_key_encrypted","text","","","","NO",""
"public","v_b_clients_mailinblack","7","iv","text","","","","NO",""
"public","v_b_clients_mailinblack","8","auth_tag","text","","","","NO",""
"public","v_b_clients_mailinblack","9","created_at","timestamp without time zone","","","","YES","CURRENT_TIMESTAMP"
"public","v_b_clients_mailinblack","10","updated_at","timestamp without time zone","","","","YES","CURRENT_TIMESTAMP"
"public","v_b_clients_mailinblack","11","auth_client_id","text","","","","YES",""
"public","v_b_configurator_cost","1","id","uuid","","","","NO","gen_random_uuid()"
"public","v_b_configurator_cost","2","type","character varying","200","","","YES",""
"public","v_b_configurator_cost","3","reference","character varying","200","","","NO",""
"public","v_b_configurator_cost","4","categorie","character varying","200","","","YES",""
"public","v_b_configurator_cost","5","temps_restauration","character varying","200","","","YES",""
"public","v_b_configurator_cost","6","prix_achat_ht","numeric","","10","2","YES",""
"public","v_b_configurator_cost","7","prix_public_ht","numeric","","10","2","YES",""
"public","v_b_configurator_cost","8","descriptif","text","","","","YES",""
"public","v_b_configurator_cost","9","duree","character varying","200","","","YES",""
"public","v_b_configurator_cost","10","is_active","boolean","","","","YES","true"
"public","v_b_configurator_cost","11","created_at","timestamp without time zone","","","","YES","now()"
"public","v_b_configurator_cost","12","updated_at","timestamp without time zone","","","","YES","now()"
"public","v_b_configurator_field_modes","1","id","uuid","","","","NO","gen_random_uuid()"
"public","v_b_configurator_field_modes","2","configurator_type","character varying","100","","","NO",""
"public","v_b_configurator_field_modes","3","field_key","character varying","100","","","NO",""
"public","v_b_configurator_field_modes","4","mode","character varying","20","","","NO","'articles'::character varying"
"public","v_b_configurator_field_modes","5","enabled_default","boolean","","","","YES","false"
"public","v_b_configurator_field_modes","6","created_at","timestamp without time zone","","","","YES","now()"
"public","v_b_configurator_field_modes","7","updated_at","timestamp without time zone","","","","YES","now()"
"public","v_b_configurator_field_options","1","id","uuid","","","","NO","gen_random_uuid()"
"public","v_b_configurator_field_options","2","configurator_type","character varying","100","","","NO",""
"public","v_b_configurator_field_options","3","field_key","character varying","100","","","NO",""
"public","v_b_configurator_field_options","4","article_id","uuid","","","","NO",""
"public","v_b_configurator_field_options","5","option_order","integer","","32","0","NO","0"
"public","v_b_configurator_field_options","6","is_default","boolean","","","","YES","false"
"public","v_b_configurator_field_options","7","is_active","boolean","","","","YES","true"
"public","v_b_configurator_field_options","8","created_at","timestamp without time zone","","","","YES","now()"
"public","v_b_configurator_field_options","9","updated_at","timestamp without time zone","","","","YES","now()"
"public","v_b_configurator_rows","1","id","uuid","","","","NO","gen_random_uuid()"
"public","v_b_configurator_rows","2","configurator_type","character varying","100","","","NO",""
"public","v_b_configurator_rows","3","row_order","integer","","32","0","NO","0"
"public","v_b_configurator_rows","4","category","character varying","50","","","NO",""
"public","v_b_configurator_rows","5","label","character varying","200","","","NO",""
"public","v_b_configurator_rows","6","field_key","character varying","100","","","NO",""
"public","v_b_configurator_rows","7","is_active","boolean","","","","YES","true"
"public","v_b_configurator_rows","8","created_at","timestamp without time zone","","","","YES","now()"
"public","v_b_configurator_rows","9","updated_at","timestamp without time zone","","","","YES","now()"
"public","v_b_contact_tag_links","1","contact_id","integer","","32","0","NO",""
"public","v_b_contact_tag_links","2","tag_id","uuid","","","","NO",""
"public","v_b_contact_tag_links","3","created_at","timestamp with time zone","","","","NO","now()"
"public","v_b_contacts","1","id","integer","","32","0","NO","nextval('v_b_contacts_id_seq'::regclass)"
"public","v_b_contacts","2","nom","character varying","255","","","NO",""
"public","v_b_contacts","3","prenom","character varying","255","","","YES",""
"public","v_b_contacts","4","email","character varying","255","","","YES",""
"public","v_b_contacts","5","telephone","character varying","20","","","YES",""
"public","v_b_contacts","6","poste","character varying","255","","","YES",""
"public","v_b_contacts","7","statut","character varying","50","","","YES","'actif'::character varying"
"public","v_b_contacts","8","client_id","integer","","32","0","YES",""
"public","v_b_contacts","9","created_at","timestamp without time zone","","","","YES","CURRENT_TIMESTAMP"
"public","v_b_contacts","10","updated_at","timestamp without time zone","","","","YES","CURRENT_TIMESTAMP"
"public","v_b_contacts","11","sexe","character varying","16","","","YES",""
"public","v_b_contacts","12","communications","jsonb","","","","NO","'[]'::jsonb"
"public","v_b_contacts_logs","1","id","integer","","32","0","NO","nextval('v_b_contacts_logs_id_seq'::regclass)"
"public","v_b_contacts_logs","2","contact_id","integer","","32","0","NO",""
"public","v_b_contacts_logs","3","client_id","integer","","32","0","YES",""
"public","v_b_contacts_logs","4","user_id","uuid","","","","YES",""
"public","v_b_contacts_logs","5","action","text","","","","NO",""
"public","v_b_contacts_logs","6","details","jsonb","","","","YES","'{}'::jsonb"
"public","v_b_contacts_logs","7","created_at","timestamp without time zone","","","","YES","now()"
"public","v_b_contract_module_options","1","id","integer","","32","0","NO","nextval('v_b_contract_module_options_id_seq'::regclass)"
"public","v_b_contract_module_options","2","module_key","character varying","64","","","NO",""
"public","v_b_contract_module_options","3","label","character varying","120","","","NO",""
"public","v_b_contract_module_options","4","icon","character varying","120","","","NO","'mdi:puzzle-outline'::character varying"
"public","v_b_contract_module_options","5","enabled","boolean","","","","NO","true"
"public","v_b_contract_module_options","6","sort_order","integer","","32","0","NO","0"
"public","v_b_contract_module_options","7","created_at","timestamp with time zone","","","","NO","now()"
"public","v_b_contract_module_options","8","updated_at","timestamp with time zone","","","","NO","now()"
"public","v_b_d_monitoring","1","id","integer","","32","0","NO","nextval('v_b_d_monitoring_id_seq'::regclass)"
"public","v_b_d_monitoring","2","name","character varying","255","","","NO",""
"public","v_b_d_monitoring","3","user_id","uuid","","","","NO",""
"public","v_b_d_monitoring","4","client_name","character varying","255","","","NO",""
"public","v_b_d_monitoring","5","report_period","character varying","255","","","YES",""
"public","v_b_d_monitoring","6","config","jsonb","","","","NO",""
"public","v_b_d_monitoring","7","data","jsonb","","","","NO",""
"public","v_b_d_monitoring","8","created_at","timestamp without time zone","","","","YES","now()"
"public","v_b_d_monitoring","9","updated_at","timestamp without time zone","","","","YES","now()"
"public","v_b_d_monitoring","10","is_trashed","boolean","","","","YES","false"
"public","v_b_dashboard_reports_config","1","id","integer","","32","0","NO",""
"public","v_b_dashboard_reports_config","2","reports","jsonb","","","","NO","'[]'::jsonb"
"public","v_b_dashboard_reports_config","3","created_at","timestamp without time zone","","","","NO","now()"
"public","v_b_dashboard_reports_config","4","updated_at","timestamp without time zone","","","","NO","now()"
"public","v_b_equipment_checkmk_monitoring","1","id","uuid","","","","NO","gen_random_uuid()"
"public","v_b_equipment_checkmk_monitoring","2","equipment_id","uuid","","","","NO",""
"public","v_b_equipment_checkmk_monitoring","3","client_id","bigint","","64","0","NO",""
"public","v_b_equipment_checkmk_monitoring","4","equipment_family","character varying","32","","","NO",""
"public","v_b_equipment_checkmk_monitoring","5","checkmk_host_name","character varying","255","","","NO",""
"public","v_b_equipment_checkmk_monitoring","6","checkmk_site","character varying","64","","","YES",""
"public","v_b_equipment_checkmk_monitoring","7","monitoring_data","jsonb","","","","NO","'{}'::jsonb"
"public","v_b_equipment_checkmk_monitoring","8","host_details","jsonb","","","","YES",""
"public","v_b_equipment_checkmk_monitoring","9","last_synced_at","timestamp with time zone","","","","YES",""
"public","v_b_equipment_checkmk_monitoring","10","created_at","timestamp with time zone","","","","NO","now()"
"public","v_b_equipment_checkmk_monitoring","11","updated_at","timestamp with time zone","","","","NO","now()"
"public","v_b_equipment_family_definitions","1","id","integer","","32","0","NO","nextval('v_b_equipment_family_definitions_id_seq'::regclass)"
"public","v_b_equipment_family_definitions","2","family_key","character varying","80","","","NO",""
"public","v_b_equipment_family_definitions","3","label","character varying","120","","","NO",""
"public","v_b_equipment_family_definitions","4","icon","character varying","120","","","NO","'mdi:devices'::character varying"
"public","v_b_equipment_family_definitions","5","display_mode","character varying","20","","","NO","'hexagon'::character varying"
"public","v_b_equipment_family_definitions","6","enabled","boolean","","","","NO","true"
"public","v_b_equipment_family_definitions","7","sort_order","integer","","32","0","NO","100"
"public","v_b_equipment_family_definitions","8","honeycomb_q","integer","","32","0","YES",""
"public","v_b_equipment_family_definitions","9","honeycomb_r","integer","","32","0","YES",""
"public","v_b_equipment_family_definitions","10","created_at","timestamp with time zone","","","","NO","now()"
"public","v_b_equipment_family_definitions","11","updated_at","timestamp with time zone","","","","NO","now()"
"public","v_b_equipment_family_fields","1","id","integer","","32","0","NO","nextval('v_b_equipment_family_fields_id_seq'::regclass)"
"public","v_b_equipment_family_fields","2","family_id","integer","","32","0","NO",""
"public","v_b_equipment_family_fields","3","field_key","character varying","80","","","NO",""
"public","v_b_equipment_family_fields","4","label","character varying","120","","","NO",""
"public","v_b_equipment_family_fields","5","field_type","character varying","20","","","NO","'text'::character varying"
"public","v_b_equipment_family_fields","6","required","boolean","","","","NO","false"
"public","v_b_equipment_family_fields","7","display_order","integer","","32","0","NO","100"
"public","v_b_equipment_family_fields","8","created_at","timestamp with time zone","","","","NO","now()"
"public","v_b_equipment_files","1","id","uuid","","","","NO","gen_random_uuid()"
"public","v_b_equipment_files","2","client_id","bigint","","64","0","NO",""
"public","v_b_equipment_files","3","equipment_id","uuid","","","","NO",""
"public","v_b_equipment_files","4","equipment_type","text","","","","YES",""
"public","v_b_equipment_files","5","equipment_name","text","","","","YES",""
"public","v_b_equipment_files","6","file_name","text","","","","NO",""
"public","v_b_equipment_files","7","file_path","text","","","","NO",""
"public","v_b_equipment_files","8","mime_type","text","","","","NO","'application/octet-stream'::text"
"public","v_b_equipment_files","9","size_bytes","bigint","","64","0","NO","0"
"public","v_b_equipment_files","10","category","text","","","","NO","'Autre'::text"
"public","v_b_equipment_files","11","description","text","","","","YES",""
"public","v_b_equipment_files","12","uploaded_by","uuid","","","","YES",""
"public","v_b_equipment_files","13","is_deleted","boolean","","","","NO","false"
"public","v_b_equipment_files","14","created_at","timestamp with time zone","","","","NO","now()"
"public","v_b_equipment_files","15","updated_at","timestamp with time zone","","","","NO","now()"
"public","v_b_equipment_monitoring_alerts","1","id","uuid","","","","NO","gen_random_uuid()"
"public","v_b_equipment_monitoring_alerts","2","client_id","bigint","","64","0","NO",""
"public","v_b_equipment_monitoring_alerts","3","equipment_id","uuid","","","","NO",""
"public","v_b_equipment_monitoring_alerts","4","equipment_family","character varying","80","","","NO",""
"public","v_b_equipment_monitoring_alerts","5","equipment_name","character varying","255","","","YES",""
"public","v_b_equipment_monitoring_alerts","6","alerts_enabled","boolean","","","","NO","false"
"public","v_b_equipment_monitoring_alerts","7","suspension_type","character varying","20","","","YES",""
"public","v_b_equipment_monitoring_alerts","8","suspended_until","timestamp with time zone","","","","YES",""
"public","v_b_equipment_monitoring_alerts","9","suspended_at","timestamp with time zone","","","","YES",""
"public","v_b_equipment_monitoring_alerts","10","suspended_by","uuid","","","","YES",""
"public","v_b_equipment_monitoring_alerts","11","suspension_reason","text","","","","YES",""
"public","v_b_equipment_monitoring_alerts","12","last_known_status","character varying","24","","","NO","'ok'::character varying"
"public","v_b_equipment_monitoring_alerts","13","last_ticket_id","uuid","","","","YES",""
"public","v_b_equipment_monitoring_alerts","14","last_alert_at","timestamp with time zone","","","","YES",""
"public","v_b_equipment_monitoring_alerts","15","created_at","timestamp with time zone","","","","NO","now()"
"public","v_b_equipment_monitoring_alerts","16","updated_at","timestamp with time zone","","","","NO","now()"
"public","v_b_equipment_tag_links","1","equipment_id","uuid","","","","NO",""
"public","v_b_equipment_tag_links","2","client_id","bigint","","64","0","NO",""
"public","v_b_equipment_tag_links","3","tag_id","uuid","","","","NO",""
"public","v_b_equipment_tag_links","4","created_at","timestamp with time zone","","","","NO","now()"
"public","v_b_events","1","id","integer","","32","0","NO","nextval('v_b_events_id_seq'::regclass)"
"public","v_b_events","2","title","character varying","255","","","NO",""
"public","v_b_events","3","type","character varying","50","","","NO",""
"public","v_b_events","4","start","timestamp without time zone","","","","NO",""
"public","v_b_events","5","end","timestamp without time zone","","","","NO",""
"public","v_b_events","6","description","text","","","","YES",""
"public","v_b_events","7","client_id","integer","","32","0","YES",""
"public","v_b_events","8","equipment_id","text","","","","YES",""
"public","v_b_events","9","user_id","uuid","","","","NO",""
"public","v_b_events","10","created_at","timestamp without time zone","","","","YES","now()"
"public","v_b_events","11","updated_at","timestamp without time zone","","","","YES","now()"
"public","v_b_events","12","assigned_user_id","uuid","","","","YES",""
"public","v_b_events","13","ticket_id","uuid","","","","YES",""
"public","v_b_notification_events_config","1","id","integer","","32","0","NO",""
"public","v_b_notification_events_config","2","data","jsonb","","","","NO","'{}'::jsonb"
"public","v_b_notification_events_config","3","created_at","timestamp without time zone","","","","NO","now()"
"public","v_b_notification_events_config","4","updated_at","timestamp without time zone","","","","NO","now()"
"public","v_b_notification_logs_config","1","id","text","","","","NO",""
"public","v_b_notification_logs_config","2","source","text","","","","NO","''::text"
"public","v_b_notification_logs_config","3","status","text","","","","NO","''::text"
"public","v_b_notification_logs_config","4","channel","text","","","","NO","''::text"
"public","v_b_notification_logs_config","5","element","text","","","","NO","''::text"
"public","v_b_notification_logs_config","6","message","text","","","","NO","''::text"
"public","v_b_notification_logs_config","7","created_at","timestamp without time zone","","","","NO","now()"
"public","v_b_notification_logs_config","8","enterprise_id","text","","","","NO","''::text"
"public","v_b_notification_templates_config","1","id","integer","","32","0","NO",""
"public","v_b_notification_templates_config","2","data","jsonb","","","","NO","'[]'::jsonb"
"public","v_b_notification_templates_config","3","created_at","timestamp without time zone","","","","NO","now()"
"public","v_b_notification_templates_config","4","updated_at","timestamp without time zone","","","","NO","now()"
"public","v_b_notification_webhooks_config","1","id","integer","","32","0","NO",""
"public","v_b_notification_webhooks_config","2","data","jsonb","","","","NO","'[]'::jsonb"
"public","v_b_notification_webhooks_config","3","created_at","timestamp without time zone","","","","NO","now()"
"public","v_b_notification_webhooks_config","4","updated_at","timestamp without time zone","","","","NO","now()"
"public","v_b_p_custom_types","1","id","uuid","","","","NO",""
"public","v_b_p_custom_types","2","label","text","","","","NO",""
"public","v_b_p_custom_types","3","category","text","","","","YES",""
"public","v_b_p_custom_types","4","created_at","timestamp without time zone","","","","YES","CURRENT_TIMESTAMP"
"public","v_b_rmm_agents","1","id","uuid","","","","NO","gen_random_uuid()"
"public","v_b_rmm_agents","2","client_id","integer","","32","0","NO",""
"public","v_b_rmm_agents","3","machine_id","text","","","","NO",""
"public","v_b_rmm_agents","4","hostname","text","","","","YES",""
"public","v_b_rmm_agents","5","secret_hash","text","","","","NO",""
"public","v_b_rmm_agents","6","status","text","","","","NO","'active'::text"
"public","v_b_rmm_agents","7","agent_version","text","","","","YES",""
"public","v_b_rmm_agents","8","config","jsonb","","","","NO","'{}'::jsonb"
"public","v_b_rmm_agents","9","last_seen_at","timestamp with time zone","","","","YES",""
"public","v_b_rmm_agents","10","ordinateur_id","uuid","","","","YES",""
"public","v_b_rmm_agents","11","created_at","timestamp with time zone","","","","NO","now()"
"public","v_b_rmm_agents","12","updated_at","timestamp with time zone","","","","NO","now()"
"public","v_b_rmm_client_settings","1","client_id","bigint","","64","0","NO",""
"public","v_b_rmm_client_settings","2","overrides","jsonb","","","","NO","'{}'::jsonb"
"public","v_b_rmm_client_settings","3","created_at","timestamp with time zone","","","","NO","now()"
"public","v_b_rmm_client_settings","4","updated_at","timestamp with time zone","","","","NO","now()"
"public","v_b_rmm_client_settings","5","updated_by","uuid","","","","YES",""
"public","v_b_rmm_enrollment_tokens","1","id","uuid","","","","NO","gen_random_uuid()"
"public","v_b_rmm_enrollment_tokens","2","client_id","integer","","32","0","NO",""
"public","v_b_rmm_enrollment_tokens","3","token_hash","text","","","","NO",""
"public","v_b_rmm_enrollment_tokens","4","label","text","","","","YES",""
"public","v_b_rmm_enrollment_tokens","5","expires_at","timestamp with time zone","","","","YES",""
"public","v_b_rmm_enrollment_tokens","6","max_uses","integer","","32","0","YES",""
"public","v_b_rmm_enrollment_tokens","7","uses_count","integer","","32","0","NO","0"
"public","v_b_rmm_enrollment_tokens","8","revoked_at","timestamp with time zone","","","","YES",""
"public","v_b_rmm_enrollment_tokens","9","created_by","uuid","","","","YES",""
"public","v_b_rmm_enrollment_tokens","10","created_at","timestamp with time zone","","","","NO","now()"
"public","v_b_rmm_enrollment_tokens","11","token_encrypted","text","","","","YES",""
"public","v_b_rmm_metric_daily","1","agent_id","uuid","","","","NO",""
"public","v_b_rmm_metric_daily","2","day_date","date","","","","NO",""
"public","v_b_rmm_metric_daily","3","metric_id","smallint","","16","0","NO",""
"public","v_b_rmm_metric_daily","4","dim_id","smallint","","16","0","NO","0"
"public","v_b_rmm_metric_daily","5","val_last","smallint","","16","0","NO",""
"public","v_b_rmm_metric_daily","6","val_min","smallint","","16","0","NO",""
"public","v_b_rmm_metric_daily","7","val_max","smallint","","16","0","NO",""
"public","v_b_rmm_metric_daily","8","sample_count","smallint","","16","0","NO","1"
"public","v_b_s_ms_partner","1","id","integer","","32","0","NO","nextval('v_b_s_ms_partner_id_seq'::regclass)"
"public","v_b_s_ms_partner","2","partner_id","character varying","255","","","NO",""
"public","v_b_s_ms_partner","3","company_name","character varying","500","","","NO",""
"public","v_b_s_ms_partner","4","domain","character varying","255","","","YES",""
"public","v_b_s_ms_partner","5","relationship_to_partner","character varying","100","","","YES",""
"public","v_b_s_ms_partner","6","mpn_id","character varying","100","","","YES",""
"public","v_b_s_ms_partner","7","location_country","character varying","100","","","YES",""
"public","v_b_s_ms_partner","8","location_city","character varying","255","","","YES",""
"public","v_b_s_ms_partner","9","status","character varying","50","","","YES",""
"public","v_b_s_ms_partner","10","created_at","timestamp without time zone","","","","YES","CURRENT_TIMESTAMP"
"public","v_b_s_ms_partner","11","updated_at","timestamp without time zone","","","","YES","CURRENT_TIMESTAMP"
"public","v_b_s_ms_partner","12","last_synced_at","timestamp without time zone","","","","YES",""
"public","v_b_s_ms_partner","13","raw_data","jsonb","","","","YES",""
"public","v_b_sales_form_definitions","1","id","text","","","","NO",""
"public","v_b_sales_form_definitions","2","kind","character varying","20","","","NO",""
"public","v_b_sales_form_definitions","3","form_key","character varying","80","","","NO",""
"public","v_b_sales_form_definitions","4","label","character varying","200","","","NO",""
"public","v_b_sales_form_definitions","5","icon","character varying","64","","","NO","'mdi:file-document-outline'::character varying"
"public","v_b_sales_form_definitions","6","category_slug","character varying","120","","","NO",""
"public","v_b_sales_form_definitions","7","description","text","","","","NO","''::text"
"public","v_b_sales_form_definitions","8","display_order","integer","","32","0","NO","0"
"public","v_b_sales_form_definitions","9","enabled","boolean","","","","NO","true"
"public","v_b_sales_form_definitions","10","created_at","timestamp without time zone","","","","NO","now()"
"public","v_b_sales_form_definitions","11","updated_at","timestamp without time zone","","","","NO","now()"
"public","v_b_sales_form_definitions","12","visibility","character varying","20","","","NO","'public'::character varying"
"public","v_b_sales_form_definitions","13","ticket_targets","jsonb","","","","NO","'{}'::jsonb"
"public","v_b_sales_form_fields","1","id","text","","","","NO",""
"public","v_b_sales_form_fields","2","form_id","text","","","","NO",""
"public","v_b_sales_form_fields","3","field_key","character varying","80","","","NO",""
"public","v_b_sales_form_fields","4","label","character varying","200","","","NO",""
"public","v_b_sales_form_fields","5","field_type","character varying","30","","","NO","'text'::character varying"
"public","v_b_sales_form_fields","6","required","boolean","","","","NO","false"
"public","v_b_sales_form_fields","7","placeholder","text","","","","NO","''::text"
"public","v_b_sales_form_fields","8","options","jsonb","","","","NO","'[]'::jsonb"
"public","v_b_sales_form_fields","9","display_order","integer","","32","0","NO","0"
"public","v_b_sales_form_fields","10","enabled","boolean","","","","NO","true"
"public","v_b_sales_form_fields","11","created_at","timestamp without time zone","","","","NO","now()"
"public","v_b_sales_form_fields","12","updated_at","timestamp without time zone","","","","NO","now()"
"public","v_b_sales_form_fields","13","visibility_rules","jsonb","","","","NO","'{""matchMode"": ""all"", ""conditions"": []}'::jsonb"
"public","v_b_sales_form_profiles","1","form_id","text","","","","NO",""
"public","v_b_sales_form_profiles","2","profile_name","character varying","120","","","NO",""
"public","v_b_sales_form_profiles","3","created_at","timestamp with time zone","","","","NO","now()"
"public","v_b_sales_form_teams","1","form_id","text","","","","NO",""
"public","v_b_sales_form_teams","2","team_id","uuid","","","","NO",""
"public","v_b_sales_form_teams","3","created_at","timestamp with time zone","","","","NO","now()"
"public","v_b_sales_form_users","1","form_id","text","","","","NO",""
"public","v_b_sales_form_users","2","user_id","uuid","","","","NO",""
"public","v_b_sales_form_users","3","created_at","timestamp with time zone","","","","NO","now()"
"public","v_b_settings","1","key","text","","","","NO",""
"public","v_b_settings","2","value","text","","","","YES",""
"public","v_b_settings","3","label","text","","","","YES",""
"public","v_b_settings","4","section","text","","","","YES",""
"public","v_b_settings","5","value_encrypted","text","","","","YES",""
"public","v_b_settings","6","value_iv","text","","","","YES",""
"public","v_b_settings","7","value_auth_tag","text","","","","YES",""
"public","v_b_settings_system","1","id","smallint","","16","0","NO",""
"public","v_b_settings_system","2","maintenance_mode","boolean","","","","NO","false"
"public","v_b_settings_system","3","maintenance_message","text","","","","NO","'L''application est actuellement en maintenance. Veuillez réessayer plus tard.'::text"
"public","v_b_settings_system","4","ticker_color","character varying","7","","","NO","'#d97706'::character varying"
"public","v_b_settings_system","5","ticker_speed","integer","","32","0","NO","22"
"public","v_b_settings_system","6","ticker_direction","character varying","5","","","NO","'left'::character varying"
"public","v_b_settings_system","7","created_at","timestamp with time zone","","","","NO","now()"
"public","v_b_settings_system","8","updated_at","timestamp with time zone","","","","NO","now()"
"public","v_b_supervision_alert_rules_config","1","id","smallint","","16","0","NO","1"
"public","v_b_supervision_alert_rules_config","2","data","jsonb","","","","NO","'{}'::jsonb"
"public","v_b_supervision_alert_rules_config","3","updated_at","timestamp with time zone","","","","NO","now()"
"public","v_b_team_members","1","id","uuid","","","","NO","gen_random_uuid()"
"public","v_b_team_members","2","team_id","uuid","","","","NO",""
"public","v_b_team_members","3","user_id","uuid","","","","NO",""
"public","v_b_team_members","4","is_leader","boolean","","","","NO","false"
"public","v_b_team_members","5","created_at","timestamp with time zone","","","","NO","now()"
"public","v_b_teams","1","id","uuid","","","","NO","gen_random_uuid()"
"public","v_b_teams","2","name","character varying","120","","","NO",""
"public","v_b_teams","3","description","text","","","","YES",""
"public","v_b_teams","4","color","character varying","32","","","YES",""
"public","v_b_teams","5","icon","character varying","64","","","NO","'mdi:account-group-outline'::character varying"
"public","v_b_teams","6","is_active","boolean","","","","NO","true"
"public","v_b_teams","7","display_order","integer","","32","0","NO","0"
"public","v_b_teams","8","created_at","timestamp with time zone","","","","NO","now()"
"public","v_b_teams","9","updated_at","timestamp with time zone","","","","NO","now()"
"public","v_b_tech_news_feeds","1","id","integer","","32","0","NO","nextval('v_b_tech_news_feeds_id_seq'::regclass)"
"public","v_b_tech_news_feeds","2","locale","character varying","5","","","NO",""
"public","v_b_tech_news_feeds","3","feed_key","character varying","64","","","NO",""
"public","v_b_tech_news_feeds","4","source","character varying","120","","","NO",""
"public","v_b_tech_news_feeds","5","url","text","","","","NO",""
"public","v_b_tech_news_feeds","6","category","character varying","16","","","NO","'news'::character varying"
"public","v_b_tech_news_feeds","7","enabled","boolean","","","","NO","true"
"public","v_b_tech_news_feeds","8","sort_order","integer","","32","0","NO","0"
"public","v_b_tech_news_feeds","9","created_at","timestamp with time zone","","","","NO","now()"
"public","v_b_tech_news_feeds","10","updated_at","timestamp with time zone","","","","NO","now()"
"public","v_b_tech_news_reactions","1","id","integer","","32","0","NO","nextval('v_b_tech_news_reactions_id_seq'::regclass)"
"public","v_b_tech_news_reactions","2","article_id","text","","","","NO",""
"public","v_b_tech_news_reactions","3","user_id","uuid","","","","NO",""
"public","v_b_tech_news_reactions","4","emoji","character varying","16","","","NO",""
"public","v_b_tech_news_reactions","5","created_at","timestamp with time zone","","","","NO","now()"
"public","v_b_tech_news_reactions","6","updated_at","timestamp with time zone","","","","NO","now()"
"public","v_b_ticket_assignees","1","ticket_id","uuid","","","","NO",""
"public","v_b_ticket_assignees","2","user_id","uuid","","","","NO",""
"public","v_b_ticket_assignees","3","created_at","timestamp with time zone","","","","NO","now()"
"public","v_b_ticket_attachments","1","id","uuid","","","","NO","gen_random_uuid()"
"public","v_b_ticket_attachments","2","ticket_id","uuid","","","","NO",""
"public","v_b_ticket_attachments","3","comment_id","uuid","","","","YES",""
"public","v_b_ticket_attachments","4","uploaded_by","uuid","","","","YES",""
"public","v_b_ticket_attachments","5","file_name","text","","","","NO",""
"public","v_b_ticket_attachments","6","file_path","text","","","","NO",""
"public","v_b_ticket_attachments","7","mime_type","character varying","128","","","YES",""
"public","v_b_ticket_attachments","8","file_size","bigint","","64","0","YES",""
"public","v_b_ticket_attachments","9","created_at","timestamp with time zone","","","","NO","now()"
"public","v_b_ticket_auto_reply_rules_config","1","id","integer","","32","0","NO",""
"public","v_b_ticket_auto_reply_rules_config","2","data","jsonb","","","","NO","'[]'::jsonb"
"public","v_b_ticket_auto_reply_rules_config","3","created_at","timestamp without time zone","","","","NO","now()"
"public","v_b_ticket_auto_reply_rules_config","4","updated_at","timestamp without time zone","","","","NO","now()"
"public","v_b_ticket_auto_reply_template_config","1","id","integer","","32","0","NO",""
"public","v_b_ticket_auto_reply_template_config","2","data","jsonb","","","","NO","'""""'::jsonb"
"public","v_b_ticket_auto_reply_template_config","3","created_at","timestamp without time zone","","","","NO","now()"
"public","v_b_ticket_auto_reply_template_config","4","updated_at","timestamp without time zone","","","","NO","now()"
"public","v_b_ticket_categories","1","id","text","","","","NO",""
"public","v_b_ticket_categories","2","name","text","","","","NO",""
"public","v_b_ticket_categories","3","description","text","","","","NO","''::text"
"public","v_b_ticket_categories","4","enabled","boolean","","","","NO","true"
"public","v_b_ticket_categories","5","created_at","timestamp without time zone","","","","NO","now()"
"public","v_b_ticket_categories","6","updated_at","timestamp without time zone","","","","NO","now()"
"public","v_b_ticket_categories","7","section","text","","","","NO","'Non classée'::text"
"public","v_b_ticket_category_sections","1","id","text","","","","NO",""
"public","v_b_ticket_category_sections","2","name","text","","","","NO",""
"public","v_b_ticket_category_sections","3","description","text","","","","NO","''::text"
"public","v_b_ticket_category_sections","4","enabled","boolean","","","","NO","true"
"public","v_b_ticket_category_sections","5","created_at","timestamp without time zone","","","","NO","now()"
"public","v_b_ticket_category_sections","6","updated_at","timestamp without time zone","","","","NO","now()"
"public","v_b_ticket_chat_ui_settings_config","1","id","integer","","32","0","NO",""
"public","v_b_ticket_chat_ui_settings_config","2","data","jsonb","","","","NO","'{}'::jsonb"
"public","v_b_ticket_chat_ui_settings_config","3","created_at","timestamp without time zone","","","","NO","now()"
"public","v_b_ticket_chat_ui_settings_config","4","updated_at","timestamp without time zone","","","","NO","now()"
"public","v_b_ticket_comment_templates_config","1","id","integer","","32","0","NO",""
"public","v_b_ticket_comment_templates_config","2","data","jsonb","","","","NO","'[]'::jsonb"
"public","v_b_ticket_comment_templates_config","3","created_at","timestamp without time zone","","","","NO","now()"
"public","v_b_ticket_comment_templates_config","4","updated_at","timestamp without time zone","","","","NO","now()"
"public","v_b_ticket_comments","1","id","uuid","","","","NO","gen_random_uuid()"
"public","v_b_ticket_comments","2","ticket_id","uuid","","","","NO",""
"public","v_b_ticket_comments","3","author_user_id","uuid","","","","YES",""
"public","v_b_ticket_comments","4","content","text","","","","NO",""
"public","v_b_ticket_comments","5","is_internal","boolean","","","","NO","false"
"public","v_b_ticket_comments","6","created_at","timestamp with time zone","","","","NO","now()"
"public","v_b_ticket_comments","7","updated_at","timestamp with time zone","","","","YES",""
"public","v_b_ticket_email_inboxes_config","1","id","integer","","32","0","NO",""
"public","v_b_ticket_email_inboxes_config","2","data","jsonb","","","","NO","'[]'::jsonb"
"public","v_b_ticket_email_inboxes_config","3","created_at","timestamp without time zone","","","","NO","now()"
"public","v_b_ticket_email_inboxes_config","4","updated_at","timestamp without time zone","","","","NO","now()"
"public","v_b_ticket_email_messages","1","id","uuid","","","","NO","gen_random_uuid()"
"public","v_b_ticket_email_messages","2","ticket_id","uuid","","","","NO",""
"public","v_b_ticket_email_messages","3","collector_id","text","","","","YES",""
"public","v_b_ticket_email_messages","4","message_id","text","","","","NO",""
"public","v_b_ticket_email_messages","5","in_reply_to","text","","","","YES",""
"public","v_b_ticket_email_messages","6","references_header","text","","","","YES",""
"public","v_b_ticket_email_messages","7","subject","text","","","","YES",""
"public","v_b_ticket_email_messages","8","from_address","text","","","","YES",""
"public","v_b_ticket_email_messages","9","direction","character varying","16","","","NO","'inbound'::character varying"
"public","v_b_ticket_email_messages","10","created_at","timestamp with time zone","","","","NO","now()"
"public","v_b_ticket_exclusion_rules_config","1","id","integer","","32","0","NO",""
"public","v_b_ticket_exclusion_rules_config","2","data","jsonb","","","","NO","'[]'::jsonb"
"public","v_b_ticket_exclusion_rules_config","3","created_at","timestamp without time zone","","","","NO","now()"
"public","v_b_ticket_exclusion_rules_config","4","updated_at","timestamp without time zone","","","","NO","now()"
"public","v_b_ticket_macros_config","1","id","integer","","32","0","NO",""
"public","v_b_ticket_macros_config","2","data","jsonb","","","","NO","'[]'::jsonb"
"public","v_b_ticket_macros_config","3","created_at","timestamp without time zone","","","","NO","now()"
"public","v_b_ticket_macros_config","4","updated_at","timestamp without time zone","","","","NO","now()"
"public","v_b_ticket_mail_collect_settings_config","1","id","integer","","32","0","NO","1"
"public","v_b_ticket_mail_collect_settings_config","2","data","jsonb","","","","NO","'{}'::jsonb"
"public","v_b_ticket_mail_collect_settings_config","3","created_at","timestamp with time zone","","","","NO","now()"
"public","v_b_ticket_mail_collect_settings_config","4","updated_at","timestamp with time zone","","","","NO","now()"
"public","v_b_ticket_mail_collectors_config","1","id","integer","","32","0","NO",""
"public","v_b_ticket_mail_collectors_config","2","data","jsonb","","","","NO","'[]'::jsonb"
"public","v_b_ticket_mail_collectors_config","3","created_at","timestamp without time zone","","","","NO","now()"
"public","v_b_ticket_mail_collectors_config","4","updated_at","timestamp without time zone","","","","NO","now()"
"public","v_b_ticket_resolution_validations","1","id","uuid","","","","NO","gen_random_uuid()"
"public","v_b_ticket_resolution_validations","2","ticket_id","uuid","","","","NO",""
"public","v_b_ticket_resolution_validations","3","resolution_reason","text","","","","NO",""
"public","v_b_ticket_resolution_validations","4","resolution_comment_id","uuid","","","","YES",""
"public","v_b_ticket_resolution_validations","5","requested_at","timestamp with time zone","","","","NO","now()"
"public","v_b_ticket_resolution_validations","6","auto_close_at","timestamp with time zone","","","","NO",""
"public","v_b_ticket_resolution_validations","7","responded_at","timestamp with time zone","","","","YES",""
"public","v_b_ticket_resolution_validations","8","outcome","character varying","32","","","NO","'pending'::character varying"
"public","v_b_ticket_resolution_validations","9","rejection_message","text","","","","YES",""
"public","v_b_ticket_resolution_validations","10","responded_by_user_id","uuid","","","","YES",""
"public","v_b_ticket_resolution_validations","11","resolved_by_user_id","uuid","","","","YES",""
"public","v_b_ticket_resolution_validations","12","created_at","timestamp with time zone","","","","NO","now()"
"public","v_b_ticket_resolution_validations","13","updated_at","timestamp with time zone","","","","NO","now()"
"public","v_b_ticket_resolution_validations","14","intervention_type","text","","","","YES",""
"public","v_b_ticket_resolution_validations","15","action_type","text","","","","YES",""
"public","v_b_ticket_satisfaction","1","id","uuid","","","","NO","gen_random_uuid()"
"public","v_b_ticket_satisfaction","2","ticket_id","uuid","","","","NO",""
"public","v_b_ticket_satisfaction","3","rating","smallint","","16","0","NO",""
"public","v_b_ticket_satisfaction","4","message","text","","","","YES",""
"public","v_b_ticket_satisfaction","5","author_user_id","uuid","","","","YES",""
"public","v_b_ticket_satisfaction","6","created_at","timestamp with time zone","","","","NO","now()"
"public","v_b_ticket_satisfaction","7","ratings","jsonb","","","","YES",""
"public","v_b_ticket_scheduled_alert_rules_config","1","id","integer","","32","0","NO",""
"public","v_b_ticket_scheduled_alert_rules_config","2","data","jsonb","","","","NO","'[]'::jsonb"
"public","v_b_ticket_scheduled_alert_rules_config","3","created_at","timestamp without time zone","","","","NO","now()"
"public","v_b_ticket_scheduled_alert_rules_config","4","updated_at","timestamp without time zone","","","","NO","now()"
"public","v_b_ticket_solution_catalog","1","id","uuid","","","","NO","gen_random_uuid()"
"public","v_b_ticket_solution_catalog","2","category","character varying","32","","","NO",""
"public","v_b_ticket_solution_catalog","3","label","character varying","120","","","NO",""
"public","v_b_ticket_solution_catalog","4","display_order","integer","","32","0","NO","0"
"public","v_b_ticket_solution_catalog","5","is_active","boolean","","","","NO","true"
"public","v_b_ticket_solution_catalog","6","created_at","timestamp with time zone","","","","NO","now()"
"public","v_b_ticket_solution_catalog","7","updated_at","timestamp with time zone","","","","NO","now()"
"public","v_b_ticket_status_history","1","id","uuid","","","","NO","gen_random_uuid()"
"public","v_b_ticket_status_history","2","ticket_id","uuid","","","","NO",""
"public","v_b_ticket_status_history","3","old_status","character varying","32","","","YES",""
"public","v_b_ticket_status_history","4","new_status","character varying","32","","","NO",""
"public","v_b_ticket_status_history","5","changed_by","uuid","","","","YES",""
"public","v_b_ticket_status_history","6","note","text","","","","YES",""
"public","v_b_ticket_status_history","7","created_at","timestamp with time zone","","","","NO","now()"
"public","v_b_ticket_tag_links","1","ticket_id","uuid","","","","NO",""
"public","v_b_ticket_tag_links","2","tag_id","uuid","","","","NO",""
"public","v_b_ticket_tag_links","3","created_at","timestamp with time zone","","","","NO","now()"
"public","v_b_ticket_tags","1","id","uuid","","","","NO","gen_random_uuid()"
"public","v_b_ticket_tags","2","label","character varying","64","","","NO",""
"public","v_b_ticket_tags","3","color","character varying","16","","","YES",""
"public","v_b_ticket_tags","4","created_at","timestamp with time zone","","","","NO","now()"
"public","v_b_ticket_view_profiles","1","view_id","uuid","","","","NO",""
"public","v_b_ticket_view_profiles","2","profile_name","text","","","","NO",""
"public","v_b_ticket_view_profiles","3","created_at","timestamp with time zone","","","","NO","now()"
"public","v_b_ticket_view_teams","1","view_id","uuid","","","","NO",""
"public","v_b_ticket_view_teams","2","team_id","uuid","","","","NO",""
"public","v_b_ticket_view_teams","3","created_at","timestamp with time zone","","","","NO","now()"
"public","v_b_ticket_view_users","1","view_id","uuid","","","","NO",""
"public","v_b_ticket_view_users","2","user_id","uuid","","","","NO",""
"public","v_b_ticket_view_users","3","created_at","timestamp with time zone","","","","NO","now()"
"public","v_b_ticket_views","1","id","uuid","","","","NO","gen_random_uuid()"
"public","v_b_ticket_views","2","name","character varying","120","","","NO",""
"public","v_b_ticket_views","3","description","text","","","","YES",""
"public","v_b_ticket_views","4","page_scope","character varying","32","","","NO","'ticket'::character varying"
"public","v_b_ticket_views","5","visibility","character varying","16","","","NO","'private'::character varying"
"public","v_b_ticket_views","6","owner_user_id","uuid","","","","YES",""
"public","v_b_ticket_views","7","icon","character varying","64","","","NO","'mdi:view-list'::character varying"
"public","v_b_ticket_views","8","color","character varying","32","","","YES",""
"public","v_b_ticket_views","9","rules","jsonb","","","","NO","'{""criteria"": [], ""viewMode"": ""active"", ""matchMode"": ""all""}'::jsonb"
"public","v_b_ticket_views","10","sort_by","character varying","64","","","NO","'updated_at'::character varying"
"public","v_b_ticket_views","11","sort_direction","character varying","4","","","NO","'desc'::character varying"
"public","v_b_ticket_views","12","display_order","integer","","32","0","NO","0"
"public","v_b_ticket_views","13","is_builtin","boolean","","","","NO","false"
"public","v_b_ticket_views","14","created_at","timestamp with time zone","","","","NO","now()"
"public","v_b_ticket_views","15","updated_at","timestamp with time zone","","","","NO","now()"
"public","v_b_ticket_watchers","1","ticket_id","uuid","","","","NO",""
"public","v_b_ticket_watchers","2","user_id","uuid","","","","NO",""
"public","v_b_ticket_watchers","3","created_at","timestamp with time zone","","","","NO","now()"
"public","v_b_tickets","1","id","uuid","","","","NO","gen_random_uuid()"
"public","v_b_tickets","2","ticket_number","bigint","","64","0","NO","nextval('v_b_tickets_ticket_number_seq'::regclass)"
"public","v_b_tickets","3","title","text","","","","NO",""
"public","v_b_tickets","4","description","text","","","","YES",""
"public","v_b_tickets","5","status","character varying","32","","","NO","'open'::character varying"
"public","v_b_tickets","6","priority","character varying","16","","","NO","'normal'::character varying"
"public","v_b_tickets","7","type","character varying","32","","","NO","'incident'::character varying"
"public","v_b_tickets","8","channel","character varying","32","","","NO","'web'::character varying"
"public","v_b_tickets","9","client_id","bigint","","64","0","YES",""
"public","v_b_tickets","10","requester_user_id","uuid","","","","YES",""
"public","v_b_tickets","11","assigned_user_id","uuid","","","","YES",""
"public","v_b_tickets","12","created_by","uuid","","","","YES",""
"public","v_b_tickets","13","resolved_at","timestamp with time zone","","","","YES",""
"public","v_b_tickets","14","closed_at","timestamp with time zone","","","","YES",""
"public","v_b_tickets","15","created_at","timestamp with time zone","","","","NO","now()"
"public","v_b_tickets","16","updated_at","timestamp with time zone","","","","NO","now()"
"public","v_b_tickets","17","requester_contact_id","bigint","","64","0","YES",""
"public","v_b_tickets","18","category","text","","","","NO","''::text"
"public","v_b_tickets","19","deleted_at","timestamp with time zone","","","","YES",""
"public","v_b_tickets","20","is_deleted","boolean","","","","NO","false"
"public","v_b_tickets","21","sales_form_data","jsonb","","","","YES",""
"public","v_b_tickets","22","equipment_info","jsonb","","","","NO","'{""concerned"": false}'::jsonb"
"public","v_b_tickets","23","is_major_incident","boolean","","","","NO","false"
"public","v_b_tickets","24","contact_slots","jsonb","","","","NO","'[]'::jsonb"
"public","v_b_user_notifications","1","id","uuid","","","","NO","gen_random_uuid()"
"public","v_b_user_notifications","2","user_id","uuid","","","","NO",""
"public","v_b_user_notifications","3","type","character varying","64","","","NO",""
"public","v_b_user_notifications","4","title","character varying","255","","","NO",""
"public","v_b_user_notifications","5","body","text","","","","YES",""
"public","v_b_user_notifications","6","ticket_id","uuid","","","","YES",""
"public","v_b_user_notifications","7","comment_id","uuid","","","","YES",""
"public","v_b_user_notifications","8","payload","jsonb","","","","NO","'{}'::jsonb"
"public","v_b_user_notifications","9","read_at","timestamp with time zone","","","","YES",""
"public","v_b_user_notifications","10","created_at","timestamp with time zone","","","","NO","now()"
"public","v_b_user_notifications","11","archived_at","timestamp with time zone","","","","YES",""
"public","v_b_users","1","id","uuid","","","","NO",""
"public","v_b_users","2","username","text","","","","YES",""
"public","v_b_users","3","email","text","","","","NO",""
"public","v_b_users","4","role","text","","","","YES",""
"public","v_b_users","5","is_active","boolean","","","","YES","true"
"public","v_b_users","6","password_hash","text","","","","NO",""
"public","v_b_users","7","created_at","timestamp without time zone","","","","YES","now()"
"public","v_b_users","8","last_login_at","timestamp without time zone","","","","YES",""
"public","v_b_users","9","profile","text","","","","YES",""
"public","v_b_users","10","client_id","bigint","","64","0","YES",""
"public","v_b_users","11","mfa_enabled","boolean","","","","NO","false"
"public","v_b_users","12","mfa_secret","text","","","","YES",""
"public","v_b_users","13","contact_id","bigint","","64","0","YES",""
"public","v_b_users_profiles","1","name","text","","","","NO",""
"public","v_b_users_profiles","2","label","text","","","","NO",""
"public","v_b_users_profiles","3","monitoring_enabled","boolean","","","","YES","true"
"public","v_b_users_profiles","4","infrastructure_enabled","boolean","","","","YES","false"
"public","v_b_users_profiles","5","cybersecurite_enabled","boolean","","","","YES","false"
"public","v_b_users_profiles","6","service_enabled","boolean","","","","YES","false"
"public","v_b_users_profiles","7","contrat_enabled","boolean","","","","NO","true"
"public","v_b_users_profiles","8","configurateur_enabled","boolean","","","","YES","false"
"public","v_b_users_profiles","9","planning_enabled","boolean","","","","YES","false"
"public","v_b_users_profiles","10","contact_enabled","boolean","","","","NO","true"
"public","v_b_users_profiles","11","display_order","integer","","32","0","NO","999"
"public","v_b_users_profiles","12","tickets_enabled","boolean","","","","NO","false"
"public","v_b_users_profiles","13","dashboard_enabled","boolean","","","","NO","false"
"public","v_b_users_profiles","14","parent_profile","text","","","","YES",""
"public","v_b_users_profiles","15","documents_enabled","boolean","","","","NO","false"
"public","v_b_users_settings","1","id","uuid","","","","NO","gen_random_uuid()"
"public","v_b_users_settings","2","user_id","uuid","","","","NO",""
"public","v_b_users_settings","3","setting_key","character varying","200","","","NO",""
"public","v_b_users_settings","4","setting_value","jsonb","","","","YES",""
"public","v_b_users_settings","5","created_at","timestamp without time zone","","","","YES","now()"
"public","v_b_users_settings","6","updated_at","timestamp without time zone","","","","YES","now()"
"public","v_b_whatsapp_conversations","1","id","uuid","","","","NO","gen_random_uuid()"
"public","v_b_whatsapp_conversations","2","wa_phone","text","","","","NO",""
"public","v_b_whatsapp_conversations","3","ticket_id","uuid","","","","NO",""
"public","v_b_whatsapp_conversations","4","wa_contact_name","text","","","","YES",""
"public","v_b_whatsapp_conversations","5","last_message_at","timestamp with time zone","","","","NO","now()"
"public","v_b_whatsapp_conversations","6","created_at","timestamp with time zone","","","","NO","now()"
"public","v_b_whatsapp_processed_messages","1","wa_message_id","text","","","","NO",""
"public","v_b_whatsapp_processed_messages","2","processed_at","timestamp with time zone","","","","NO","now()"
